points,series,mode,layout_ms,bucket_size
288,1,raw,4.159092903137207,1
288,1,grouped,4.016995429992676,6
288,3,raw,6.292939186096191,1
288,3,grouped,4.796028137207031,6
288,6,raw,12.063980102539062,1
288,6,grouped,7.897019386291504,6
1440,1,raw,16.936063766479492,1
1440,1,grouped,12.764930725097656,24
1440,3,raw,27.807950973510742,1
1440,3,grouped,19.06108856201172,24
1440,6,raw,54.286956787109375,1
1440,6,grouped,27.778029441833496,24
2000,1,raw,22.894978523254395,1
2000,1,grouped,17.704010009765625,48
2000,3,raw,42.39201545715332,1
2000,3,grouped,23.5750675201416,48
2000,6,raw,77.22306251525879,1
2000,6,grouped,35.45510768890381,48
3000,1,raw,34.529924392700195,1
3000,1,grouped,27.547001838684082,48
3000,3,raw,76.54297351837158,1
3000,3,grouped,41.76807403564453,48
3000,6,raw,144.67692375183105,1
3000,6,grouped,60.11199951171875,48